"","country.code","asciiname","admin1.code"
"355","AD","Sant Julia de Loria","06"
"866","AD","Ordino","05"
"1319","AD","La Massana","04"
"1868","AD","Encamp","03"
"2383","AD","Canillo","02"
"2746","AD","Andorra la Vella","07"
"2839","AD","Escaldes-Engordany","08"
"3528","AE","Umm al Qaywayn","07"
"3989","AE","Ra's al Khaymah","05"
"5102","AE","Dubai","03"
"5540","AE","Ash Shariqah","06"
"5734","AE","Al Fujayrah","04"
"5785","AE","'Ajman","02"
"5821","AE","Abu Zaby","01"
"10247","AF","Wilayat-e Zabul","28"
"10957","AF","Wardak","27"
"12311","AF","Wilayat-e Takhar","26"
"16129","AF","Sar-e Pul","33"
"16783","AF","Samangan","32"
"20050","AF","Parwan","40"
"20250","AF","Wilayat-e Paktika","29"
"20251","AF","Wilayat-e Paktiya","36"
"20454","AF","Uruzgan","39"
"20812","AF","Wilayat-e Nimroz","19"
"21349","AF","Nangarhar","18"
"23524","AF","Wilayat-e Logar","17"
"23978","AF","Wilayat-e Laghman","35"
"24641","AF","Kunduz","24"
"24653","AF","Wilayat-e Kunar","34"
"27188","AF","Wilayat-e Kapisa","14"
"27268","AF","Kandahar","23"
"27884","AF","Wilayat-e Kabul","13"
"27976","AF","Wilayat-e Jowzjan","31"
"28949","AF","Herat","11"
"28967","AF","Helmand","10"
"30014","AF","Wilayat-e Ghor","09"
"30179","AF","Wilayat-e Ghazni","08"
"31130","AF","Faryab Province","07"
"31167","AF","Farah","06"
"36103","AF","Wilayat-e Bamyan","05"
"36152","AF","Balkh","30"
"36399","AF","Wilayat-e Baghlan","03"
"36568","AF","Badghis","02"
"36606","AF","Badakhshan","01"
"53215","AF","Velayat-e Khowst","37"
"53216","AF","Velayat-e Nurestan","38"
"79074","AF","Daykundi Province","41"
"79075","AF","Panjshir","42"
"85253","AG","Parish of Saint Philip","08"
"85254","AG","Parish of Saint Peter","07"
"85255","AG","Parish of Saint Paul","06"
"85256","AG","Parish of Saint Mary","05"
"85261","AG","Parish of Saint John","04"
"85262","AG","Parish of Saint George","03"
"85275","AG","Redonda","09"
"85628","AG","Barbuda","01"
"86121","AI","Blowing Point","11205389"
"86122","AI","Sandy Ground","11205392"
"86123","AI","Sandy Hill","11205393"
"86124","AI","The Valley","11205396"
"86125","AI","East End","11205433"
"86126","AI","North Hill","11205436"
"86127","AI","West End","11205437"
"86128","AI","South Hill","11205438"
"86129","AI","The Quarter","11205439"
"86130","AI","North Side","11205440"
"86131","AI","Island Harbour","11205441"
"86132","AI","George Hill","11205442"
"86133","AI","Stoney Ground","11205443"
"86134","AI","The Farrington","11205444"
"89870","AL","Qarku i Beratit","40"
"89871","AL","Qarku i Dibres","41"
"89872","AL","Qarku i Elbasanit","43"
"89873","AL","Qarku i Gjirokastres","45"
"89874","AL","Qarku i Korces","46"
"89875","AL","Qarku i Kukesit","47"
"93561","AL","Qarku i Durresit","42"
"93562","AL","Qarku i Fierit","44"
"93563","AL","Qarku i Lezhes","48"
"93564","AL","Qarku i Shkodres","49"
"93565","AL","Qarku i Tiranes","50"
"93566","AL","Qarku i Vlores","51"
"95981","AM","Ararati Marz","02"
"95982","AM","Syunik'i Marz","08"
"95983","AM","Vayots' Dzor","10"
"96039","AM","Yerevan","11"
"97235","AM","Aragatsotni Marz","01"
"97236","AM","Armaviri Marz","03"
"97237","AM","Geghark'unik'i Marz","04"
"97238","AM","Kotayk'i Marz","05"
"97239","AM","Lorru Marz","06"
"97240","AM","Shiraki Marz","07"
"97241","AM","Tavushi Marz","09"
"127477","AO","Lunda Sul","18"
"127478","AO","Lunda Norte Province","17"
"128101","AO","Moxico","14"
"128442","AO","Kuando Kubango","04"
"129095","AO","Zaire","16"
"129306","AO","Provincia do Uige","15"
"132595","AO","Malanje Province","12"
"133180","AO","Luanda Province","20"
"134395","AO","Cuanza Norte Province","05"
"135999","AO","Cabinda","03"
"136330","AO","Bengo Province","19"
"138822","AO","Namibe Province","13"
"140108","AO","Huila Province","09"
"140115","AO","Huambo","08"
"140900","AO","Cunene Province","07"
"141037","AO","Kwanza Sul","06"
"143440","AO","Provincia do Bie","02"
"143460","AO","Benguela","01"
"199290","AR","Misiones Province","14"
"202521","AR","Formosa Province","09"
"202580","AR","Ciudad Autonoma de Buenos Aires","07"
"202762","AR","Entre Rios Province","08"
"203836","AR","Corrientes Province","06"
"204526","AR","Buenos Aires","01"
"206788","AR","Tucuman Province","24"
"207654","AR","Tierra del Fuego Province","23"
"209059","AR","Santiago del Estero Province","22"
"209467","AR","Santa Fe Province","21"
"209540","AR","Santa Cruz Province","20"
"210217","AR","San Luis Province","19"
"210339","AR","San Juan Province","18"
"211417","AR","Salta Province","17"
"212013","AR","Rio Negro Province","16"
"216285","AR","Neuquen Province","15"
"217574","AR","Mendoza Province","13"
"222088","AR","La Rioja Province","12"
"222713","AR","La Pampa Province","11"
"226535","AR","Jujuy Province","10"
"233363","AR","Cordoba Province","05"
"234346","AR","Chubut Province","04"
"234989","AR","Chaco Province","03"
"235386","AR","Catamarca Province","02"
"245658","AS","Western District","050"
"245982","AS","Swains Island","040"
"246000","AS","Eastern District","010"
"246217","AS","Manu'a District","020"
"246498","AS","Rose Atoll","030"
"255582","AT","Wien","09"
"256507","AT","Vorarlberg","08"
"257780","AT","Tirol","07"
"258766","AT","Steiermark","06"
"260988","AT","Salzburg","05"
"263992","AT","Oberoesterreich","04"
"264680","AT","Niederoesterreich","03"
"268798","AT","Kaernten","02"
"275251","AT","Burgenland","01"
"300041","AU","State of Western Australia","08"
"302715","AU","State of South Australia","05"
"305892","AU","Northern Territory","03"
"324114","AU","State of Victoria","07"
"326167","AU","State of Tasmania","06"
"331130","AU","State of Queensland","04"
"334245","AU","State of New South Wales","02"
"356264","AU","Australian Capital Territory","01"
"516218","AX","Mariehamns stad","211"
"516219","AX","Alands landsbygd","212"
"516220","AX","Alands skaergard","213"
"516271","AZ","Beylagan Rayon","12"
"516291","AZ","Zangilan Rayon","69"
"516353","AZ","Yardymli Rayon","66"
"516553","AZ","Susa Rayonu","55"
"516659","AZ","Salyan Rayon","49"
"516674","AZ","Sabirabad Rayon","46"
"516677","AZ","Saatly Rayon","45"
"516700","AZ","Bilasuvar Rayon","13"
"520475","BY","Grodno Oblast","03"
"520721","BY","Homyel' Voblasc'","02"
"521838","BY","Brest Oblast","01"
"533819","DK","Region Hovedstaden","17"
"533820","DK","Region Midtjylland","18"
"533821","DK","North Denmark Region","19"
"533822","DK","Region Sjaelland","20"
"533823","DK","Region Syddanmark","21"
"535273","DM","Saint Peter","11"
"535274","DM","Saint Paul","10"
"535275","DM","Saint Patrick","09"
"535276","DM","Saint Mark","08"
"535277","DM","Saint Luke","07"
"535280","DM","Saint Joseph","06"
"535281","DM","Saint John","05"
"535283","DM","Saint George","04"
"535285","DM","Saint David","03"
"535287","DM","Saint Andrew","02"
"536121","DO","Provincia de Valverde","27"
"536921","DO","Provincia de Santiago Rodriguez","26"
"536927","DO","Provincia de Santiago","25"
"537040","DO","Provincia de San Pedro de Macoris","24"
"537100","DO","Provincia de San Juan","23"
"537194","DO","Provincia de San Cristobal","33"
"537200","DO","Provincia Sanchez Ramirez","21"
"537240","DO","Samana Province","20"
"537290","DO","Provincia de Hermanas Mirabal","19"
"538275","DO","Provincia de Puerto Plata","18"
"539023","DO","Provincia de Peravia","35"
"539144","DO","Provincia de Pedernales","16"
"540032","DO","Distrito Nacional","34"
"540140","DO","Provincia de Monte Plata","32"
"540208","DO","Provincia de Monte Cristi","15"
"540282","DO","Provincia de Monsenor Nouel","31"
"540779","DO","Provincia Maria Trinidad Sanchez","14"
"543981","DO","Provincia de La Vega","30"
"544959","DO","Provincia de La Romana","12"
"547708","DO","Provincia de La Altagracia","10"
"548328","DO","Provincia de Independencia","09"
"548767","DO","Provincia de Hato Mayor","29"
"549868","DO","Provincia Espaillat","08"
"550190","DO","Provincia de El Seibo","28"
"551270","DO","Provincia de Elias Pina","11"
"552719","DO","Provincia Duarte","06"
"552952","DO","Provincia de Dajabon","04"
"556041","DO","Provincia de Barahona","03"
"556049","DO","Provincia de Baoruco","02"
"556208","DO","Provincia de Azua","01"
"557110","DO","Provincia de San Jose de Ocoa","36"
"557111","DO","Provincia de Santo Domingo","37"
"574213","DZ","Wilaya de Tlemcen","15"
"574271","DZ","Wilaya de Tizi Ouzou","14"
"574388","DZ","Wilaya de Tissemsilt","56"
"574557","DZ","Wilaya de Tipaza","55"
"574831","DZ","Wilaya de Tindouf","54"
"575420","DZ","Wilaya de tiaret kabas","13"
"575980","DZ","Wilaya de Tebessa","33"
"576740","DZ","Wilaya de Tamanrasset","53"
"577736","DZ","Wilaya de Souk Ahras","52"
"578054","DZ","Wilaya de Skikda","31"
"579522","DZ","Wilaya de Sidi Bel Abbes","30"
"580217","DZ","Wilaya de Setif","12"
"581078","DZ","Wilaya de Saida","10"
"582186","DZ","Wilaya de Relizane","51"
"583133","DZ","Oum el Bouaghi","29"
"584308","DZ","Wilaya de Ouargla","50"
"584433","DZ","Oran","09"
"585023","DZ","Wilaya de Naama","49"
"585193","DZ","Wilaya de M'Sila","27"
"585641","DZ","Wilaya de Mostaganem","07"
"585959","DZ","Wilaya de Mila","48"
"587341","DZ","Wilaya de Medea","06"
"588603","DZ","Wilaya de Mascara","26"
"589695","DZ","Wilaya de Laghouat","25"
"590394","DZ","Wilaya de Khenchela","47"
"591415","DZ","Wilaya de Jijel","24"
"591958","DZ","Illizi","46"
"594157","DZ","Wilaya de Guelma","23"
"594543","DZ","Wilaya de Ghardaia","45"
"595819","DZ","El Tarf","44"
"595903","DZ","El Oued","43"
"597038","DZ","El Bayadh","42"
"598509","DZ","Wilaya de Djelfa","22"
"599642","DZ","Wilaya de Constantine","04"
"599791","DZ","Wilaya de Chlef","41"
"601131","DZ","Wilaya de Boumerdes","40"
"601444","DZ","Wilaya de Bouira","21"
"602192","DZ","Wilaya de Bordj Bou Arreridj","39"
"602258","DZ","Wilaya de Blida","20"
"602315","DZ","Wilaya de Biskra","19"
"603815","DZ","Wilaya de Bejaia","18"
"604015","DZ","Wilaya de Bechar","38"
"604059","DZ","Wilaya de Batna","03"
"605478","DZ","Annaba","37"
"605959","DZ","Wilaya d' Alger","01"
"606383","DZ","Wilaya de Ain Temouchent","36"
"606709","DZ","Wilaya de Ain Defla","35"
"607289","DZ","Adrar","34"
"627238","EC","Provincia de Zamora-Chinchipe","20"
"627726","EC","Provincia del Tungurahua","19"
"630482","EC","Provincia de Pichincha","18"
"630649","EC","Provincia del Pastaza","17"
"631146","EC","Provincia de Napo","23"
"631261","EC","Provincia de Morona-Santiago","15"
"631705","EC","Provincia de Manabi","14"
"631844","EC","Provincia de Los Rios","13"
"631917","EC","Provincia de Loja","12"
"632885","EC","Provincia de Imbabura","11"
"634753","EC","Provincia del Guayas","10"
"635124","EC","Provincia de Galapagos","01"
"635231","EC","Provincia de Esmeraldas","09"
"635440","EC","Provincia de El Oro","08"
"636010","EC","Provincia de Cotopaxi","07"
"636480","EC","Provincia del Chimborazo","06"
"636959","EC","Provincia del Carchi","05"
"637089","EC","Provincia del Canar","04"
"637369","EC","Provincia de Bolivar","03"
"637669","EC","Provincia del Azuay","02"
"639514","EC","Provincia de Sucumbios","22"
"639515","EC","Provincia de Francisco de Orellana","24"
"639584","EC","Provincia de Santo Domingo de los Tsachilas","26"
"639585","EC","Provincia de Santa Elena","25"
"642368","EE","Vorumaa","21"
"642510","EE","Viljandimaa","20"
"642794","EE","Valgamaa","19"
"643253","EE","Tartumaa","18"
"643797","EE","Saaremaa","14"
"644033","EE","Raplamaa","13"
"644290","EE","Polvamaa","12"
"644493","EE","Paernumaa","11"
"645771","EE","Laane-Virumaa","08"
"645773","EE","Laeaenemaa","07"
"646816","EE","Jogevamaa","05"
"646876","EE","Jarvamaa","04"
"646990","EE","Ida-Virumaa","03"
"647048","EE","Hiiumaa","02"
"647085","EE","Harjumaa","01"
"659245","EG","Muhafazat Suhaj","24"
"660848","EG","Muhafazat Shamal Sina'","27"
"661981","EG","Muhafazat Qina","23"
"664018","EG","Muhafazat Matruh","22"
"665889","EG","Kafr ash Shaykh","21"
"666564","EG","South Sinai Governorate","26"
"669330","EG","Damietta Governorate","20"
"669895","EG","Muhafazat Bur Sa'id","19"
"670441","EG","Muhafazat Bani Suwayf","18"
"671045","EG","Muhafazat Asyut","17"
"671051","EG","Muhafazat Aswan","16"
"671061","EG","As Suways","15"
"671278","EG","Muhafazat ash Sharqiyah","14"
"671737","EG","Muhafazat al Wadi al Jadid","13"
"671874","EG","Muhafazat al Qalyubiyah","12"
"671884","EG","Cairo Governorate","11"
"671941","EG","Muhafazat al Minya","10"
"671942","EG","Muhafazat al Minufiyah","09"
"672247","EG","Muhafazat al Jizah","08"
"672305","EG","Ismailia Governorate","07"
"672308","EG","Muhafazat al Iskandariyah","06"
"672540","EG","Muhafazat al Gharbiyah","05"
"672569","EG","Muhafazat al Fayyum","04"
"672616","EG","Beheira Governorate","03"
"672713","EG","Red Sea Governorate","02"
"673086","EG","Muhafazat ad Daqahliyah","01"
"680798","EG","Muhafazat al Uqsur","28"
"696163","ER","Anseba Region","01"
"696164","ER","Debub Region","02"
"696165","ER","Southern Red Sea Region","03"
"696166","ER","Gash-Barka Region","04"
"696167","ER","Maekel Region","05"
"696168","ER","Northern Red Sea Region","06"
"703990","ES","Region de Murcia","31"
"710145","ES","Ceuta","CE"
"711938","ES","Comunitat Autonoma de les Illes Balears","07"
"713395","ES","Andalusia","51"
"713396","ES","Canary Islands","53"
"713397","ES","Castilla-La Mancha","54"
"713398","ES","Extremadura","57"
"713399","ES","Comunitat Valenciana","60"
"723882","ES","Principality of Asturias","34"
"724779","ES","Navarra","32"
"726889","ES","Comunidad de Madrid","29"
"740429","ES","La Rioja","27"
"740430","ES","Cantabria","39"
"740431","ES","Aragon","52"
"740432","ES","Castilla y Leon","55"
"740433","ES","Catalunya","56"
"740434","ES","Galicia","58"
"740435","ES","Euskal Autonomia Erkidegoa","59"
"749434","ES","Melilla","ML"
"803413","ET","Adis Abeba Astedader","44"
"803414","ET","Afar Region","45"
"803415","ET","Amhara Region","46"
"803416","ET","Benishangul-Gumuz Region","47"
"803417","ET","Dire Dawa Region","48"
"803418","ET","Gambela Region","49"
"803419","ET","Harari Region","50"
"803420","ET","Oromiya Region","51"
"803421","ET","Somali Region","52"
"803422","ET","Tigray Region","53"
"803423","ET","Southern Nations, Nationalities, and People's Region","54"
"837629","FI","Lapland","19"
"837630","FI","Kainuu","18"
"837631","FI","Pohjois-Pohjanmaa","17"
"837632","FI","Keski-Pohjanmaa","16"
"837633","FI","Pohjanmaa","15"
"837634","FI","Etela-Pohjanmaa","14"
"837635","FI","Mellersta Finland","13"
"837636","FI","Pohjois-Karjala","12"
"837637","FI","Pohjois-Savo","11"
"837638","FI","Southern Savonia","10"
"837639","FI","Etelae-Karjala","09"
"837640","FI","Kymenlaakso","08"
"837641","FI","Pirkanmaa","06"
"837642","FI","Kanta-Haeme","05"
"837643","FI","Varsinais-Suomi","02"
"837644","FI","Uusimaa","01"
"837645","FI","Paijanne-Tavastland","07"
"837646","FI","Satakunta","04"
"892352","IQ","Muhafazat al Anbar","01"
"981297","IR","Ostan-e Tehran","26"
"981924","IR","Ostan-e Zanjan","36"
"982265","IR","Yazd","40"
"989257","IR","Ostan-e Mazandaran","35"
"989465","IR","Ostan-e Markazi","34"
"990258","IR","Ostan-e Lorestan","23"
"991190","IR","Ostan-e Kordestan","16"
"991466","IR","Ostan-e Kohgiluyeh va Bowyer Ahmad","05"
"991658","IR","Khuzestan","15"
"992750","IR","Ostan-e Kermanshah","13"
"992759","IR","Kerman","29"
"993583","IR","Fars","07"
"998269","IR","Ostan-e Chahar Mahal va Bakhtiari","03"
"998408","IR","Bushehr","22"
"1001033","IR","East Azerbaijan","33"
"1001034","IR","West Azerbaijan Province","01"
"1009933","IR","Ostan-e Ardabil","32"
"1011769","IR","Isfahan","28"
"1012348","IR","Ostan-e Golestan","37"
"1012349","IR","Ostan-e Qazvin","38"
"1012350","IR","Qom","39"
"1017576","JO","Muhafazat Ma'an","19"
"1017966","JO","Irbid","18"
"1019352","JO","Ajloun","20"
"1019353","JO","Jerash","22"
"1019354","JO","Muhafazat al 'Aqabah","21"
"1019355","JO","Muhafazat Madaba","23"
"1026013","JP","Yamanashi","46"
"1026043","JP","Yamaguchi","45"
"1026294","JP","Wakayama","43"
"1027224","JP","Toyama-ken","42"
"1027242","JP","Tottori","41"
"1027495","JP","Tokyo Prefecture","40"
"1027508","JP","Tokushima-ken","39"
"1027660","JP","Tochigi","38"
"1029053","JP","Shizuoka","37"
"1029771","JP","Shimane-ken","36"
"1029881","JP","Shiga","35"
"1030548","JP","Saitama-ken","34"
"1030620","JP","Saga-ken","33"
"1031215","JP","Osaka-fu","32"
"1031655","JP","Okinawa","47"
"1031689","JP","Okayama-ken","31"
"1031791","JP","Oita Prefecture","30"
"1032722","JP","Niigata-ken","29"
"1032900","JP","Nara-ken","28"
"1033444","JP","Nagasaki Prefecture","27"
"1033497","JP","Nagano-ken","26"
"1033992","JP","Miyazaki","25"
"1034625","JP","Mie-ken","23"
"1035172","JP","Kyoto Prefecture","22"
"1035680","JP","Kumamoto","21"
"1036385","JP","Kochi Prefecture","20"
"1037534","JP","Kanagawa","19"
"1038061","JP","Kagoshima-ken","18"
"1038070","JP","Kagawa-ken","17"
"1038618","JP","Ishikawa-ken","15"
"1039269","JP","Hyogo","13"
"1039631","JP","Hiroshima-ken","11"
"1040710","JP","Gunma-ken","10"
"1040846","JP","Gifu","09"
"1041158","JP","Fukuoka Prefecture","07"
"1041183","JP","Fukui","06"
"1041423","JP","Ehime","05"
"1042871","JP","Aichi-ken","01"
"1044369","JP","Yamagata-ken","44"
"1045700","JP","Miyagi-ken","24"
"1046325","JP","Iwate","16"
"1046475","JP","Ibaraki","14"
"1046728","JP","Fukushima-ken","08"
"1046819","JP","Chiba-ken","04"
"1046929","JP","Akita","02"
"1050071","JP","Hokkaido","12"
"1050680","JP","Aomori-ken","03"
"1125366","KE","West Pokot District","55"
"1125658","KE","Wajir District","54"
"1126053","KE","Uasin Gishu","52"
"1126130","KE","Turkana District","51"
"1126284","KE","Trans Nzoia District","50"
"1126594","KE","Tharaka District","49"
"1126799","KE","Tana River District","48"
"1127528","KE","Siaya District","46"
"1127988","KE","Samburu District","45"
"1131914","KE","Nairobi Province","05"
"1132747","KE","Murang'a District","38"
"1133465","KE","Mombasa District","37"
"1133985","KE","Meru","35"
"1134740","KE","Marsabit District","34"
"1135050","KE","Mandera District","33"
"1136933","KE","Laikipia District","29"
"1137244","KE","Kwale District","28"
"1138171","KE","Kitui District","27"
"1138374","KE","Kisumu","26"
"1138428","KE","Kisii District","25"
"1138549","KE","Kirinyaga District","24"
"1139190","KE","Kilifi District","23"
"1139831","KE","Kiambu District","22"
"1140019","KE","Kericho District","21"
"1142377","KE","Kakamega District","20"
"1143331","KE","Isiolo District","18"
"1144833","KE","Garissa District","16"
"1145551","KE","Embu District","15"
"1147047","KE","Busia District","13"
"1147126","KE","Bungoma District","12"
"1147631","KE","Baringo District","10"
"1148593","KE","Nyandarua District","43"
"1148611","KE","Vihiga District","53"
"1148613","KE","Lamu","30"
"1148614","KE","Machakos District","31"
"1148615","KE","Makueni District","32"
"1148616","KE","Marakwet District","14"
"1148618","KE","Taita Taveta District","47"
"1148619","KE","Kajiado District","19"
"1148621","KE","Nyeri District","44"
"1148623","KE","Homa Bay District","17"
"1148624","KE","Bomet District","11"
"1148628","KE","Migori District","36"
"1148632","KE","Nakuru District","39"
"1148633","KE","Narok District","41"
"1148701","KE","Nyamira District","42"
"1149128","KE","Nandi South District","40"
"1156468","KG","Osh Oblasty","08"
"1156469","KG","Batken","09"
"1156872","KG","Talas","06"
"1157150","KG","Naryn oblast","04"
"1157800","KG","Issyk-Kul Region","07"
"1157873","KG","Gorod Bishkek","01"
"1158494","KG","Jalal-Abad oblast","03"
"1158515","KG","Chuyskaya Oblast'","02"
"1162701","KG","Osh City","10"
"1162849","KH","Pursat","12"
"1162858","KH","Battambang","29"
"1163484","KH","Takeo","19"
"1163537","KH","Svay Rieng","18"
"1163572","KH","Stung Treng","17"
"1163753","KH","Otar Meanchey","27"
"1163756","KH","Siem Reap","24"
"1163991","KH","Ratanakiri","23"
"1164151","KH","Prey Veng","14"
"1164218","KH","Preah Vihear","13"
"1171622","KH","Phnom Penh","22"
"1171725","KH","Pailin","30"
"1171825","KH","Mondolkiri","10"
"1172080","KH","Kratie","09"
"1172453","KH","Kep","26"
"1172552","KH","Koh Kong","08"
"1172610","KH","Kandal","07"
"1172626","KH","Kampot","21"
"1172639","KH","Kampong Thom","05"
"1172647","KH","Kampong Speu","04"
"1172681","KH","Kampong Chhnang","03"
"1172687","KH","Kampong Cham","02"
"1173516","KH","Preah Sihanouk","28"
"1173517","KH","Banteay Meanchey","25"
"1173725","KH","Tboung Khmum","31"
"1180647","KI","Gilbert Islands","01"
"1180759","KI","Line Islands","02"
"1180805","KI","Phoenix Islands","03"
"1181628","KM","Moheli","03"
"1181699","KM","Grande Comore","02"
"1181762","KM","Ndzuwani","01"
"1182730","KN","Trinity Palmetto Point","15"
"1182780","KN","Saint Thomas Middle Island","13"
"1182781","KN","Saint Thomas Lowland","12"
"1182784","KN","Saint Peter Basseterre","11"
"1182787","KN","Saint Paul Charlestown","10"
"1182788","KN","Saint Paul Capesterre","09"
"1182789","KN","Saint Mary Cayon","08"
"1182791","KN","Saint John Figtree","07"
"1182792","KN","Saint John Capesterre","06"
"1182793","KN","Saint James Windward","05"
"1182795","KN","Saint George Gingerland","04"
"1182796","KN","Saint George Basseterre","03"
"1182799","KN","Saint Anne Sandy Point","02"
"1183090","KN","Christ Church Nichola Town","01"
"1189276","KP","Pyongyang","12"
"1189371","KP","P'yongan-namdo","15"
"1189373","KP","P'yongan-bukto","11"
"1193266","KZ","East Kazakhstan","15"
"1193877","KZ","Aqmola Oblysy","03"
"1194297","KZ","Qyzylorda Oblysy","14"
"1194558","KZ","Qostanay Oblysy","13"
"1195860","KZ","Zhambyl Oblysy","17"
"1196193","KZ","Turkistan","10"
"1197655","KZ","Almaty","02"
"1203002","KZ","Almaty Oblysy","01"
"1203069","KZ","Shymkent","1537272"
"1203324","KZ","Baikonur","08"
"1203325","KZ","Nur-Sultan","05"
"1221727","RU","Yaroslavskaya Oblast'","88"
"1223320","RU","Voronezhskaya Oblast'","86"
"1223734","RU","Vologodskaya Oblast'","85"
"1224034","RU","Volgogradskaya Oblast'","84"
"1227380","RU","Ulyanovsk Oblast","81"
"1227628","RU","Tverskaya Oblast'","77"
"1229005","RU","Tambovskaya Oblast'","72"
"1229560","RU","Stavropol'skiy Kray","70"
"1229799","RU","Smolenskaya Oblast'","69"
"1234087","RU","Saratovskaya Oblast","67"
"1234479","RU","Samarskaya Oblast'","65"
"1235858","RU","Pskovskaya Oblast'","60"
"1240560","RU","Perm Krai","90"
"1240934","RU","Penzenskaya Oblast'","57"
"1245066","RU","Novgorodskaya Oblast'","52"
"1245709","RU","North Ossetia","68"
"1247712","RU","Nenetskiy Avtonomnyy Okrug","50"
"1251924","RU","Krasnodarskiy Kray","38"
"1260553","RU","Nizhegorodskaya Oblast'","51"
"1263724","RU","Dagestan","17"
"1263825","RU","Chuvashskaya Respublika","16"
"1265397","RU","Chechenskaya Respublika","12"
"1266170","RU","Bryanskaya Oblast'","10"
"1270876","RU","Belgorodskaya Oblast'","09"
"1271648","RU","Bashkortostan","08"
"1273147","RU","Respublika Adygeya","01"
"1283741","RU","Vladimirskaya Oblast'","83"
"1291090","RU","Yamalo-Nenetskiy Avtonomnyy Okrug","87"
"1292729","RU","Tomskaya Oblast'","75"
"1293672","RU","Sverdlovskaya Oblast'","71"
"1297775","RU","Omskaya Oblast'","54"
"1298367","RU","Novosibirskaya Oblast'","53"
"1303273","RU","Chelyabinskaya Oblast'","13"
"1305541","RU","Altayskiy Kray","04"
"1311908","RU","Khabarovskiy Kray","30"
"1312486","RU","Irkutskaya Oblast'","20"
"1365578","RU","Zabaykal'skiy Kray","93"
"1393478","RW","Eastern Province","11"
"1393479","RW","Kigali Province","12"
"1393480","RW","Northern Province","13"
"1393481","RW","Western Province","14"
"1393482","RW","Southern Province","15"
"1412978","SA","Mintaqat Tabuk","19"
"1414943","SA","Mintaqat Najran","16"
"1415815","SA","Makkah Province","14"
"1416586","SA","Jizan Region","17"
"1417551","SA","Hai'l Region","13"
"1419413","SA","Mintaqat 'Asir","11"
"1419474","SA","Al Mintaqah ash Sharqiyah","06"
"1419642","SA","Mintaqat ar Riyad","10"
"1420145","SA","Al-Qassim Province","08"
"1420432","SA","Al Madinah al Munawwarah","05"
"1420673","SA","Al Jawf","20"
"1420781","SA","Mintaqat al Hudud ash Shamaliyah","15"
"1421151","SA","Mintaqat al Bahah","02"
"1436829","SB","Western Province","11"
"1441820","SB","Malaita Province","03"
"1443529","SB","Isabel Province","07"
"1444098","SB","Guadalcanal Province","06"
"1444762","SB","Central Province","10"
"1445465","SB","Temotu Province","09"
"1445721","SB","Makira-Ulawa Province","08"
"1445890","SB","Choiseul","12"
"1445891","SB","Rennell and Bellona","13"
"1446009","SB","Honiara","14"
"1446250","SC","Takamaka","23"
"1446280","SC","Saint Louis","22"
"1446314","SC","Port Glaud","27"
"1446320","SC","Pointe Larue","20"
"1446323","SC","Plaisance","19"
"1446350","SC","Mont Fleuri","18"
"1446351","SC","Mont Buxton","17"
"1446401","SC","English River","26"
"1446410","SC","Inner Islands","25"
"1446428","SC","Grand Anse Mahe","24"
"1446429","SC","Grand Anse Praslin","14"
"1446434","SC","Glacis","12"
"1446493","SC","Cascade","11"
"1446521","SC","Bel Ombre","10"
"1446523","SC","Bel Air","09"
"1446525","SC","Beau Vallon","08"
"1446535","SC","Baie Sainte Anne","07"
"1446536","SC","Baie Lazare","06"
"1446541","SC","Anse Royale","05"
"1446543","SC","Anse Etoile","03"
"1446545","SC","Anse Boileau","02"
"1446546","SC","Anse aux Pins","01"
"1446556","SC","Les Mamelles","29"
"1446557","SC","Roche Caiman","30"
"1446558","SC","Au Cap","28"
"1446768","SC","Outer Islands","11876017"
"1457182","SD","Northern","43"
"1457886","SD","Khartoum","29"
"1459762","SD","Red Sea","36"
"1459763","SD","Al Jazirah State","38"
"1459764","SD","Al Qadarif State","39"
"1459765","SD","White Nile","41"
"1459766","SD","Blue Nile","42"
"1459767","SD","West Darfur","47"
"1459768","SD","West Kordofan State","62"
"1459769","SD","South Darfur","49"
"1459770","SD","South Kordofan","50"
"1459771","SD","Kassala State","52"
"1459772","SD","River Nile","53"
"1459773","SD","North Darfur","55"
"1459774","SD","North Kordofan","56"
"1459775","SD","Sennar","58"
"1472629","SD","East Darfur","60"
"1472630","SD","Central Darfur State","61"
"1476874","SE","Norrbotten","14"
"1485281","SE","Vaestmanlands laen","25"
"1485393","SE","Vaesternorrlands laen","24"
"1485514","SE","Vaesterbottens laen","23"
"1485963","SE","Vaermlands laen","22"
"1487297","SE","Uppsala","21"
"1494727","SE","Stockholm","26"
"1497190","SE","Soedermanlands laen","18"
"1506738","SE","OEstergoetlands laen","16"
"1507517","SE","OErebro laen","15"
"1519801","SE","Kronoberg","12"
"1520508","SE","Dalarna","10"
"1522976","SE","Kalmar","09"
"1523683","SE","Joenkoepings laen","08"
"1524031","SE","Jaemtlands laen","07"
"1529443","SE","Halland","06"
"1532128","SE","Gotland","05"
"1533020","SE","Gaevleborgs laen","03"
"1541892","SE","Blekinge","02"
"1557584","SE","Skane laen","27"
"1557585","SE","Vaestra Goetalands laen","28"
"1571330","SH","Ascension","01"
"1571375","SH","Tristan da Cunha","03"
"1571858","SH","Saint Helena","02"
"1572036","SI","Obcina Zalec","N5"
"1572050","SI","Zagorje ob Savi","E7"
"1572107","SI","Vrhnika","E5"
"1572346","SI","Obcina Trzic","D5"
"1572382","SI","Trebnje","D4"
"1572392","SI","Trbovlje","D3"
"1572427","SI","Obcina Tolmin","D2"
"1572430","SI","Velenje","D7"
"1572750","SI","Obcina Smarje pri Jelsah","C5"
"1572760","SI","Slovenske Konjice","C4"
"1572764","SI","Slovenska Bistrica","L8"
"1572766","SI","Slovenj Gradec","C2"
"1572804","SI","Obcina Skofja Loka","B9"
"1572823","SI","Obcina Sezana","B7"
"1572826","SI","Sevnica","B6"
"1572845","SI","Obcina Sentjur","L7"
"1572994","SI","Ribnica","L1"
"1573078","SI","Radovljica","A3"
"1573090","SI","Radlje ob Dravi","A2"
"1573111","SI","Ptuj","K7"
"1573201","SI","Postojna","94"
"1573377","SI","Piran","J9"
"1573459","SI","Obcina Ormoz","87"
"1573505","SI","Mestna Obcina Novo mesto","J7"
"1573523","SI","Nova Gorica","84"
"1573565","SI","Murska Sobota","80"
"1573580","SI","Mozirje","79"
"1573652","SI","Metlika","73"
"1573698","SI","Maribor","J2"
"1573853","SI","Logatec","64"
"1573865","SI","Ljutomer","I6"
"1573892","SI","Litija","I5"
"1573942","SI","Lenart","I3"
"1573961","SI","Obcina Lasko","57"
"1573998","SI","Obcina Krsko","54"
"1574050","SI","Kranj","52"
"1574104","SI","Koper","50"
"1574139","SI","Obcina Kocevje","H7"
"1574198","SI","Kamnik","H6"
"1574245","SI","Jesenice","H4"
"1574305","SI","Izola","40"
"1574325","SI","Ilirska Bistrica","38"
"1574336","SI","Idrija","36"
"1574367","SI","Hrastnik","34"
"1574412","SI","Grosuplje","32"
"1574495","SI","Gornja Radgona","29"
"1574687","SI","Dravograd","25"
"1574708","SI","Obcina Domzale","G7"
"1574872","SI","Obcina Crnomelj","17"
"1574936","SI","Cerknica","13"
"1574948","SI","Celje","11"
"1575050","SI","Obcina Brezice","08"
"1575236","SI","Obcina Ajdovscina","01"
"1575873","SI","Hrpelje-Kozina","35"
"1575874","SI","Obcina Divaca","19"
"1575875","SI","Pivka","91"
"1575876","SI","Obcina Loska Dolina","I7"
"1575877","SI","Obcina Loski Potok","66"
"1575878","SI","Osilnica","88"
"1575879","SI","Obcina Velike Lasce","D8"
"1575880","SI","Obcina Skofljica","C1"
"1575881","SI","Ig","37"
"1575882","SI","Brezovica","09"
"1575883","SI","Borovnica","05"
"1575884","SI","Vipava","E1"
"1575885","SI","Komen","49"
"1575886","SI","Miren-Kostanjevica","J5"
"1575887","SI","Brda","07"
"1575888","SI","Kanal","44"
"1575889","SI","Obcina Ziri","F2"
"1575890","SI","Cerkno","14"
"1575891","SI","Obcina Zelezniki","F1"
"1575892","SI","Gorenja Vas-Poljane","27"
"1575893","SI","Dobrova-Polhov Gradec","G4"
"1575894","SI","Obcina Kobarid","46"
"1575895","SI","Obcina Bovec","06"
"1575896","SI","Bohinj","04"
"1575897","SI","Obcina Bled","03"
"1575898","SI","Naklo","82"
"1575899","SI","Kranjska Gora","53"
"1575900","SI","Preddvor","K5"
"1575901","SI","Cerklje na Gorenjskem","12"
"1575902","SI","Obcina Sencur","B2"
"1575903","SI","Vodice","E3"
"1575904","SI","Medvode","71"
"1575905","SI","Obcina Menges","72"
"1575906","SI","Dol pri Ljubljani","22"
"1575907","SI","Obcina Moravce","77"
"1575908","SI","Gornji Grad","30"
"1575909","SI","Obcina Luce","I9"
"1575910","SI","Obcina Ravne na Koroskem","K8"
"1575911","SI","Obcina Mezica","74"
"1575912","SI","Muta","81"
"1575913","SI","Vuzenica","E6"
"1575914","SI","Obcina Crna na Koroskem","16"
"1575915","SI","Ljubno","62"
"1575916","SI","Obcina Sostanj","C7"
"1575917","SI","Obcina Smartno ob Paki","C6"
"1575918","SI","Lukovica","68"
"1575919","SI","Obcina Radece","99"
"1575920","SI","Obcina Ivancna Gorica","39"
"1575921","SI","Dobrepolje","20"
"1575922","SI","Obcina Semic","B1"
"1575923","SI","Obcina Sentjernej","B4"
"1575924","SI","Obcina Skocjan","B8"
"1575925","SI","Obcina Store","C9"
"1575926","SI","Vojnik","N3"
"1575927","SI","Vitanje","E2"
"1575928","SI","Obcina Zrece","F3"
"1575929","SI","Mislinja","76"
"1575930","SI","Obcina Ruse","L3"
"1575931","SI","Kungota","55"
"1575932","SI","Obcina Sentilj","B3"
"1575933","SI","Pesnica","89"
"1575934","SI","Duplek","26"
"1575938","SI","Obcina Race-Fram","98"
"1575939","SI","Obcina Starse","C8"
"1575940","SI","Obcina Kidricevo","45"
"1575941","SI","Obcina Majsperk","J1"
"1575942","SI","Videm","N2"
"1575943","SI","Obcina Rogaska Slatina","A7"
"1575944","SI","Rogatec","A8"
"1575945","SI","Obcina Podcetrtek","92"
"1575946","SI","Kozje","51"
"1575947","SI","Obcina Gorisnica","28"
"1575948","SI","Obcina Zavrc","E9"
"1575949","SI","Dornava","24"
"1575950","SI","Obcina Jursinci","42"
"1575951","SI","Obcina Sveti Jurij ob Scavnici","D1"
"1575952","SI","Radenci","A1"
"1575953","SI","Puconci","97"
"1575954","SI","Obcina Rogasovci","A6"
"1575955","SI","Kuzma","I2"
"1575956","SI","Gornji Petrovci","31"
"1575957","SI","Moravske Toplice","78"
"1575958","SI","Kobilje","47"
"1575959","SI","Beltinci","02"
"1575960","SI","Obcina Turnisce","D6"
"1575961","SI","Odranci","86"
"1575962","SI","Obcina Crensovci","15"
"1575963","SI","Nazarje","83"
"1575964","SI","Mestna Obcina Ljubljana","61"
"1576077","SI","Obcina Zirovnica","N7"
"1576078","SI","Jezersko","H5"
"1576079","SI","Obcina Solcava","M2"
"1576080","SI","Komenda","H8"
"1576081","SI","Horjul","H3"
"1576082","SI","Obcina Sempeter-Vrtojba","L6"
"1576083","SI","Bloke","F6"
"1576084","SI","Obcina Sodrazica","M1"
"1576085","SI","Trzin","M8"
"1576086","SI","Prevalje","K6"
"1576087","SI","Vransko","N4"
"1576088","SI","Tabor","M5"
"1576089","SI","Obcina Braslovce","F7"
"1576090","SI","Polzela","K3"
"1576091","SI","Prebold","K4"
"1576092","SI","Kostel","H9"
"1576093","SI","Obcina Zuzemberk","N8"
"1576094","SI","Dolenjske Toplice","G6"
"1576095","SI","Obcina Mirna Pec","J6"
"1576096","SI","Bistrica ob Sotli","F5"
"1576097","SI","Dobje","G2"
"1576098","SI","Dobrna","G3"
"1576099","SI","Oplotnica","J8"
"1576100","SI","Podvelka","K2"
"1576101","SI","Ribnica na Pohorju","L2"
"1576102","SI","Lovrenc na Pohorju","I8"
"1576103","SI","Selnica ob Dravi","L5"
"1576104","SI","Obcina Hoce-Slivnica","H1"
"1576105","SI","Obcina Miklavz na Dravskem Polju","J4"
"1576106","SI","Hajdina","G9"
"1576107","SI","Obcina Zetale","N6"
"1576108","SI","Podlehnik","K1"
"1576109","SI","Markovci","J3"
"1576110","SI","Destrnik","G1"
"1576111","SI","Obcina Trnovska vas","M7"
"1576112","SI","Obcina Sveti Andraz v Slovenskih Goricah","M4"
"1576113","SI","Cerkvenjak","F9"
"1576114","SI","Benedikt","F4"
"1576115","SI","Sveta Ana","M3"
"1576116","SI","Obcina Krizevci","I1"
"1576117","SI","Obcina Verzej","N1"
"1576118","SI","Velika Polana","M9"
"1576119","SI","Lendava","I4"
"1576120","SI","Dobrovnik","G5"
"1576121","SI","Obcina Tisina","M6"
"1576122","SI","Cankova","F8"
"1576123","SI","Grad","G8"
"1576124","SI","Hodos","H2"
"1576125","SI","Obcina Razkrizje","K9"
"1576126","SI","Obcina Smartno pri Litiji","L9"
"1576127","SI","Obcina Salovci","L4"
"1576467","SI","Obcina Apace","N9"
"1576468","SI","Cirkulane","O1"
"1576469","SI","Kostanjevica na Krki","O3"
"1576470","SI","Log-Dragomer","O4"
"1576471","SI","Makole","O5"
"1576472","SI","Mokronog-Trebelno","O7"
"1576473","SI","Obcina Poljcane","O8"
"1576474","SI","Obcina Recica ob Savinji","O9"
"1576475","SI","Obcina Rence-Vogrsko","P1"
"1576476","SI","Obcina Sredisce ob Dravi","P4"
"1576477","SI","Obcina Straza","P5"
"1576478","SI","Sveta Trojica v Slovenskih Goricah","P6"
"1576479","SI","Obcina Sveti Tomaz","P8"
"1576480","SI","Obcina Sentrupert","P2"
"1576481","SI","Obcina Smarjeske Toplice","P3"
"1576485","SI","Sveti Jurij v Slovenskih Goricah","P7"
"1576523","SI","Gorje","O2"
"1579951","SI","Ankaran","P9"
"1579952","SI","Mirna","O6"
"1585141","SJ","Jan Mayen","22"
"1585504","SJ","Svalbard","21"
"1586557","TJ","Districts of Republican Subordination","RR"
"1586558","TJ","Dushanbe","04"
"1587201","TK","Nukunonu","N"
"1587212","TK","Fakaofo","F"
"1587216","TK","Atafu","A"
"1587311","TL","Viqueque","VI"
"1587381","TL","Manufahi","MF"
"1587383","TL","Manatuto","MT"
"1587400","TL","Liquica","LI"
"1587405","TL","Lautein","LA"
"1587424","TL","Kovalima","CO"
"1587451","TL","Ermera","ER"
"1587454","TL","Dili","DI"
"1587469","TL","Bobonaro","BO"
"1587480","TL","Baucau","BA"
"1587501","TL","Oecusse","OE"
"1587505","TL","Ainaro","AN"
"1587507","TL","Aileu","AL"
"1596347","UA","Zhytomyrs'ka Oblast'","27"
"1597095","UA","Zakarpattia Oblast","25"
"1597819","UA","Volyns'ka Oblast'","24"
"1598306","UA","Vinnyts'ka Oblast'","23"
"1600306","UA","Ternopil's'ka Oblast'","22"
"1600828","UA","Sums'ka Oblast'","21"
"1601871","UA","Rivnens'ka Oblast'","19"
"1602347","UA","Poltavs'ka Oblast'","18"
"1605165","UA","Mykolayivs'ka Oblast'","16"
"1606898","UA","L'vivs'ka Oblast'","15"
"1607099","UA","Kyiv Oblast","13"
"1607100","UA","Misto Kyyiv","12"
"1607318","UA","Autonomous Republic of Crimea","11"
"1608763","UA","Kirovohrads'ka Oblast'","10"
"1609531","UA","Ivano-Frankivs'ka Oblast'","06"
"1611342","UA","Donets'ka Oblast'","05"
"1611555","UA","Dnipropetrovska Oblast'","04"
"1612306","UA","Chernivtsi Oblast'","03"
"1612320","UA","Chernihivs'ka Oblast'","02"
"1612388","UA","Cherkas'ka Oblast'","01"
"1631392","UG","Central Region","C"
"1634984","UG","Eastern Region","E"
"1634985","UG","Northern Region","N"
"1634986","UG","Western Region","W"
"1649454","UM","Wake Island","450"
"1649465","UM","Navassa Island","350"
"1649476","UM","Baker Island","050"
"1649491","UM","Howland Island","100"
"1649495","UM","Jarvis Island","150"
"1649498","UM","Johnston Atoll","200"
"1649505","UM","Kingman Reef","250"
"1649512","UM","Midway Islands","300"
"1649521","UM","Palmyra Atoll","400"
"1703905","US","Arkansas","AR"
"1742020","US","District of Columbia","DC"
"1746108","US","Delaware","DE"
"1759575","US","Florida","FL"
"1800651","US","Georgia","GA"
"1877263","US","Kansas","KS"
"1935109","US","Louisiana","LA"
"1964884","US","Maryland","MD"
"2001491","US","Missouri","MO"
"2038968","US","Mississippi","MS"
"2084796","US","North Carolina","NC"
"2146569","US","Oklahoma","OK"
"2192629","US","South Carolina","SC"
"2257256","US","Tennessee","TN"
"2330967","US","Texas","TX"
"2419437","US","West Virginia","WV"
"2422329","US","Alabama","AL"
"2424283","US","Connecticut","CT"
"2454611","US","Iowa","IA"
"2489198","US","Illinois","IL"
"2514151","US","Indiana","IN"
"2563039","US","Maine","ME"
"2593716","US","Michigan","MI"
"2629220","US","Minnesota","MN"
"2664877","US","Nebraska","NE"
"2681290","US","New Hampshire","NH"
"2692832","US","New Jersey","NJ"
"2719640","US","New York","NY"
"2756310","US","Ohio","OH"
"2814990","US","Rhode Island","RI"
"2832870","US","Vermont","VT"
"2869977","US","Wisconsin","WI"
"2923164","US","California","CA"
"3007642","US","Colorado","CO"
"3070924","US","New Mexico","NM"
"3098821","US","Nevada","NV"
"3138534","US","Utah","UT"
"3141238","US","Arizona","AZ"
"3185685","US","Idaho","ID"
"3255807","US","Montana","MT"
"3279403","US","North Dakota","ND"
"3332778","US","Oregon","OR"
"3357567","US","South Dakota","SD"
"3403216","US","Washington","WA"
"3431462","US","Wyoming","WY"
"3443476","US","Hawaii","HI"
"3466561","US","Alaska","AK"
"3468188","US","Kentucky","KY"
"3468189","US","Massachusetts","MA"
"3468190","US","Pennsylvania","PA"
"3468191","US","Virginia","VA"
"3887809","UY","Departamento de Treinta y Tres","19"
"3888062","UY","Departamento de Tacuarembo","18"
"3888083","UY","Departamento de Soriano","17"
"3888672","UY","Departamento de San Jose","16"
"3888737","UY","Departamento de Salto","15"
"3888797","UY","Departamento de Rocha","14"
"3888806","UY","Departamento de Rivera","13"
"3888815","UY","Departamento de Rio Negro","12"
"3889267","UY","Departamento de Paysandu","11"
"3889594","UY","Departamento de Montevideo","10"
"3889912","UY","Departamento de Maldonado","09"
"3890027","UY","Departamento de Lavalleja","08"
"3890602","UY","Departamento de Florida","07"
"3890605","UY","Departamento de Flores","06"
"3890736","UY","Departamento de Durazno","05"
"3891038","UY","Departamento de Colonia","04"
"3891186","UY","Departamento de Cerro Largo","03"
"3891422","UY","Departamento de Canelones","02"
"3891765","UY","Departamento de Artigas","01"
"3895630","UZ","Karakalpakstan","09"
"3895829","UZ","Surxondaryo Viloyati","12"
"3895830","UZ","Samarqand Viloyati","10"
"3895831","UZ","Qashqadaryo Province","08"
"3895832","UZ","Bukhara Province","02"
"3895844","UZ","Toshkent Viloyati","14"
"3895845","UZ","Toshkent Shahri","13"
"3895846","UZ","Sirdaryo","16"
"3895847","UZ","Navoiy Province","07"
"3895848","UZ","Namangan Province","06"
"3895849","UZ","Xorazm Viloyati","05"
"3895850","UZ","Jizzakh Province","15"
"3895851","UZ","Fergana","03"
"3895852","UZ","Andijan","01"
"3902899","VC","Parish of Saint Patrick","05"
"3902900","VC","Parish of Saint George","04"
"3902902","VC","Parish of Saint David","03"
"3902903","VC","Parish of Saint Andrew","02"
"3902973","VC","Grenadines","06"
"3903015","VC","Parish of Charlotte","01"
"3909373","VE","Estado Zulia","23"
"3909545","VE","Estado Yaracuy","22"
"3910305","VE","Estado Trujillo","21"
"3910882","VE","Estado Tachira","20"
"3910984","VE","Estado Sucre","19"
"3914256","VE","Estado Portuguesa","18"
"3915769","VE","Estado Nueva Esparta","17"
"3916404","VE","Estado Monagas","16"
"3916493","VE","Miranda","15"
"3916606","VE","Estado Merida","14"
"3920825","VE","Estado Lara","13"
"3924291","VE","Estado Guarico","12"
"3925116","VE","Dependencias Federales","24"
"3925117","VE","Distrito Capital","25"
"3925143","VE","Estado Falcon","11"
"3928800","VE","Delta Amacuro","09"
"3929643","VE","Estado Cojedes","08"
"3931003","VE","Estado Carabobo","07"
"3932345","VE","Estado Bolivar","06"
"3932779","VE","Estado Barinas","05"
"3933341","VE","Estado Aragua","04"
"3933381","VE","Estado Apure","03"
"3933428","VE","Estado Anzoategui","02"
"3933530","VE","Estado Amazonas","01"
"3970417","VE","Estado Vargas","26"
"3974895","VI","Saint Croix Island","010"
"3974896","VI","Saint John Island","020"
"3974897","VI","Saint Thomas Island","030"
"3975026","VN","Tinh Nghe An","58"
"3975027","VN","Tinh Ninh Binh","59"
"3975028","VN","Tinh Ninh Thuan","60"
"3975029","VN","Tinh Soc Trang","65"
"3975032","VN","Tinh Tra Vinh","67"
"3975033","VN","Tinh Tuyen Quang","68"
"3975034","VN","Tinh Vinh Long","69"
"3975035","VN","Tinh Yen Bai","70"
"3977462","VN","Tinh Lao Cai","90"
"3979061","VN","Tinh Quang Tri","64"
"3979086","VN","Tinh Quang Ninh","30"
"3979097","VN","Tinh Quang Ngai","63"
"3979166","VN","Tinh Quang Binh","62"
"3980110","VN","Tinh Phu Yen","61"
"3982837","VN","Tinh Hoa Binh","53"
"3985982","VN","Long An","24"
"3986809","VN","Tinh Lang Son","39"
"3988047","VN","Tinh Lam GJong","23"
"3988118","VN","Tinh Lai Chau","89"
"3989157","VN","Tinh Kien Giang","21"
"3989779","VN","Tinh Khanh Hoa","54"
"3990711","VN","Ho Chi Minh City","20"
"3990829","VN","Tinh Ha Tinh","52"
"3991154","VN","Tinh Ha Giang","50"
"3991209","VN","Gia Lai","49"
"3991247","VN","Thanh Pho Ha Noi","44"
"3991304","VN","Thanh Pho Can Tho","87"
"3991412","VN","Thanh Pho Hai Phong","13"
"3991988","VN","Tinh Binh Thuan","47"
"3992657","VN","Tinh GJong Thap","09"
"3992813","VN","Tinh GJong Nai","43"
"3994237","VN","GJak Lak Province","88"
"3994594","VN","Tinh Ba Ria-Vung Tau","45"
"3996219","VN","Tinh Cao Bang","05"
"3997887","VN","Tinh Binh GJinh","46"
"3997990","VN","Tinh Ben Tre","03"
"4004420","VN","An Giang","01"
"4005181","VN","Dak Nong","91"
"4005293","VN","Tinh Dien Bien","92"
"4005388","VN","Tinh Bac Ninh","74"
"4005395","VN","Tinh Bac Giang","71"
"4005405","VN","Thanh Pho GJa Nang","78"
"4005412","VN","Tinh Binh Duong","75"
"4005417","VN","Tinh Binh Phuoc","76"
"4005434","VN","Tinh Thai Nguyen","85"
"4005453","VN","Tinh Quang Nam","84"
"4005514","VN","Tinh Phu Tho","83"
"4005563","VN","Tinh Nam GJinh","82"
"4005574","VN","Tinh Ha Nam","80"
"4005605","VN","Tinh Bac Kan","72"
"4005611","VN","Tinh Bac Lieu","73"
"4005614","VN","Tinh Ca Mau","77"
"4005622","VN","Tinh Hai Duong","79"
"4005635","VN","Tinh Hung Yen","81"
"4005644","VN","Tinh Vinh Phuc","86"
"4005890","VN","Hau Giang Province","93"
"4036428","VU","Tafea Province","15"
"4036586","VU","Sanma Province","13"
"4039099","VU","Torba Province","07"
"4039396","VU","Malampa Province","16"
"4039397","VU","Penama Province","17"
"4039398","VU","Shefa Province","18"
"4039730","WF","Uvea","98613"
"4039747","WF","Sigave","98612"
"4039854","WF","Alo","98611"
"4040360","WS","Vaisigano","11"
"4040388","WS","Va'a-o-Fonoti","06"
"4040419","WS","Tuamasaga","10"
"4040478","WS","Satupa'itea","09"
"4040574","WS","Palauli","08"
"4040711","WS","Gagaifomauga","07"
"4040712","WS","Gaga'emauga","05"
"4040776","WS","Fa'asaleleaga","04"
"4040793","WS","Atua","03"
"4040814","WS","Aiga-i-le-Tai","02"
"4040823","WS","A'ana","01"
"4047042","XK","Ferizaj District","10096138"
"4047043","XK","Gjakova District","10096859"
"4047044","XK","Gjilan District","10097357"
"4047045","XK","Mitrovica District","10097358"
"4047046","XK","Pec District","10097359"
"4047047","XK","Pristina District","10097360"
"4047048","XK","Prizren District","10097361"
"4048474","YE","Muhafazat Ta`izz","25"
"4049183","YE","Shabwah","05"
"4049377","YE","Sanaa","16"
"4049577","YE","Muhafazat Sa'dah","15"
"4049774","YE","Muhafazat Raymah","27"
"4051198","YE","Muhafazat Ma'rib","14"
"4051430","YE","Al Mahwit","10"
"4052444","YE","Muhafazat al Jawf","21"
"4053626","YE","Muhafazat Hadramawt","04"
"4054398","YE","Muhafazat Dhamar","11"
"4057185","YE","Al Mahrah","03"
"4057612","YE","Muhafazat al Hudaydah","08"
"4058030","YE","Al Bayda Governorate","20"
"4058599","YE","Muhafazat 'Adan","02"
"4058610","YE","Muhafazat Abyan","01"
"4062732","YE","Muhafazat ad Dali'","18"
"4062733","YE","Muhafazat 'Amran","19"
"4062734","YE","Muhafazat Hajjah","22"
"4062735","YE","Ibb","23"
"4062736","YE","Muhafazat Lahij","24"
"4062757","YE","Amanat Al Asimah","26"
"4098714","YE","Socotra","28"
"4145282","YT","Acoua","97601"
"4145283","YT","Bandraboua","97602"
"4145284","YT","Bandrele","97603"
"4145285","YT","Boueni","97604"
"4145286","YT","Chiconi","97605"
"4145287","YT","Chirongui","97606"
"4145288","YT","Dembeni","97607"
"4145289","YT","Dzaoudzi","97608"
"4145290","YT","Kani-Keli","97609"
"4145291","YT","Koungou","97610"
"4145292","YT","Mamoudzou","97611"
"4145293","YT","Mtsamboro","97612"
"4145294","YT","M'Tsangamouji","97613"
"4145295","YT","Ouangani","97614"
"4145296","YT","Pamandzi","97615"
"4145297","YT","Sada","97616"
"4145298","YT","Tsingoni","97617"
"4176572","ZA","Free State","03"
"4181060","ZA","KwaZulu-Natal","02"
"4232984","ZA","Eastern Cape","05"
"4232985","ZA","Gauteng","06"
"4232986","ZA","Mpumalanga","07"
"4232987","ZA","Northern Cape","08"
"4232988","ZA","Limpopo","09"
"4232989","ZA","North West","10"
"4232990","ZA","Western Cape","11"
"4251440","ZM","Western Province","01"
"4252271","ZM","Southern Province","07"
"4255890","ZM","North-Western Province","06"
"4255897","ZM","Northern Province","05"
"4264417","ZM","Lusaka Province","09"
"4265133","ZM","Luapula Province","04"
"4272664","ZM","Eastern Province","03"
"4272800","ZM","Copperbelt Province","08"
"4276337","ZM","Central Province","02"
"4277139","ZM","Muchinga Province","10"
"4284777","ZW","Midlands Province","02"
"4285405","ZW","Matabeleland South Province","07"
"4285406","ZW","Matabeleland North Province","06"
"4285419","ZW","Masvingo Province","08"
"4285499","ZW","Mashonaland West Province","05"
"4285500","ZW","Mashonaland East Province","04"
"4285501","ZW","Mashonaland Central Province","03"
"4286015","ZW","Manicaland Province","01"
"4294566","ZW","Bulawayo Province","09"
"4294567","ZW","Harare Province","10"
